78.7543,0.21035,0.93952,0.34465,17.82236,0.09016,0.669,0.07751,28.1777,0.5,0.2,0.6,0.05,0.05,0.05,0.56,1.87,1.34,0.9512933875180727,0.00714487644924429,0.03997414597498661,0.006769822979525229,0.9844105204683843,0.006238007536524309,0.006671971462876674,0.0021736909831318566,0.9898435683462329,0.380427155036202,1.069753385790741,1.34,0.380001,1.070001,1.330001
15.28349,0.81056,0.96509,0.82295,64.2302,0.99086,0.42396,0.52438,12.14991,0.5,0.2,0.6,0.05,0.05,0.05,1.54,1.69,1.44,0.8641417109868466,0.012516212193040211,0.11905856147042138,0.03994503729570241,0.8514398519491752,0.10493782586209942,0.015614005694370854,0.005274252131255751,0.9763215934959288,0.6599813590733783,0.18024245918555484,1.44,0.6600010000000001,0.180001,1.4300009999999999
90.96193,0.44074,0.71639,0.47259,3.14373,0.01746,0.76348,0.93524,89.68723,0.5,0.2,0.6,0.05,0.05,0.05,0.99,0.09,0.1,0.9968229646178243,3.4196261435838575e-09,0.0018711054247822624,0.7930403225303633,3.7350272507213817e-06,0.006983053289228273,0.03430078861807658,2.974865305529148e-08,0.960345323988273,0.41957567748189256,2.30414550915912e-07,0.1,0.440001,1e-06,0.090001
16.30553,0.93448,0.4231,0.13984,44.2521,0.193,0.08563,0.84055,81.42332,0.5,0.2,0.6,0.05,0.05,0.05,0.03,0.02,0.66,0.5843567357124554,0.022326563744062097,0.3335867872653436,0.0039331824013338615,0.8297653553683553,0.11942428830136999,4.774128729358771e-05,0.0003124211844340002,0.9987106209901901,0.03,0.02,0.66,0.020001,0.010001,0.650001
53.322,0.09264,0.15136,0.47447,56.09686,0.39669,0.46766,0.27121,99.6456,0.5,0.2,0.6,0.05,0.05,0.05,1.59,0.63,1.58,0.9932073159565792,0.0008935791438253293,0.004879023733843634,0.01567703324744259,0.9598307781998049,0.02268269778670275,0.0027015782102284944,0.0008113234266271425,0.9961707332622959,0.912995781912072,0.4727915968078822,1.58,0.9100010000000001,0.470001,1.570001
24.19391,0.09492,0.90125,0.24213,82.94104,0.49713,0.00132,0.11041,72.67408,0.5,0.2,0.6,0.05,0.05,0.05,1.74,0.41,0.99,0.9776715047715095,0.0004459400094874623,0.02072135354644153,0.023746444252696553,0.9456953979379372,0.027739964740679364,3.18902685159359e-05,0.0003101162096634365,0.9989637609261237,1.74,0.20229277608037124,0.99,1.730001,0.200001,0.980001
32.81778,0.88271,0.47842,0.76715,37.4967,0.82096,0.3396,0.51727,8.95875,0.5,0.2,0.6,0.05,0.05,0.05,0.03,0.87,0.17,0.8652675564361213,0.01931045832565851,0.0714789581943373,0.02008361157946843,0.814493994774739,0.1217898759298559,0.006383253750629886,0.008067241040405909,0.9542221899820802,0.03,0.02489117662875845,0.17,0.020001,0.030001,0.160001
36.18365,0.70834,0.56406,0.0797,66.25956,0.13531,0.10382,0.42688,20.62741,0.5,0.2,0.6,0.05,0.05,0.05,1.77,0.95,1.72,0.9825027439827139,0.0018468251247263894,0.014883390674069704,0.012072661643129135,0.9637310779532445,0.019917268689242155,0.0051350859762423345,0.0020273797842618783,0.9914403186174331,1.77,0.16995569061366472,1.72,1.760001,0.170001,1.7100009999999999
41.09285,0.06258,0.86815,0.82003,94.91803,0.11571,0.36261,0.67612,8.64172,0.5,0.2,0.6,0.05,0.05,0.05,1.52,1.96,0.93,0.978118800564862,0.00044619834303561025,0.020184971140832026,0.02787499713460115,0.9664977716888657,0.003842058768215517,0.04002788303936715,0.02235700781871319,0.9318179139873499,0.9520825929055262,0.2851948581580255,0.93,0.970001,0.29000099999999995,0.9200010000000001
41.5728,0.07701,0.48186,0.79199,72.60444,0.04531,0.0843,0.66677,88.88993,0.5,0.2,0.6,0.05,0.05,0.05,1.13,1.89,1.7,0.9817003753418614,0.00013644125876311172,0.017118315848828274,0.12468672992798949,0.8576155168459736,0.01073161483575902,0.0006295423942543755,0.00037359613198188795,0.9986664242477513,1.13,0.08478231461621491,1.7,1.120001,0.080001,1.6900009999999999
64.31239,0.40203,0.08006,0.14991,67.05468,0.62132,0.38229,0.63352,94.1296,0.5,0.2,0.6,0.05,0.05,0.05,1.65,1.29,1.79,0.9970210842489972,0.0005808255745316266,0.0017778112382434545,0.020454817028476333,0.8526517047079772,0.1214341106833956,0.0028252617988960625,0.00043631853757315677,0.9964427252626439,1.2496615659400891,0.11645816883215915,1.79,1.270001,0.120001,1.780001
78.49908,0.78122,0.4603,0.93297,94.9808,0.29537,0.29317,0.55885,57.257,0.5,0.2,0.6,0.05,0.05,0.05,1.37,1.44,1.05,0.9880235353399838,0.001586341843470313,0.009416015317549408,0.05548813052899747,0.9113578548417622,0.02855106123363838,0.0031348922167957365,0.00096409325767544,0.9950734397397137,0.6460497815801307,0.10422850439927835,1.05,0.630001,0.100001,1.040001
86.32968,0.57813,0.63169,0.90877,19.4997,0.36598,0.23199,0.31309,6.62666,0.5,0.2,0.6,0.05,0.05,0.05,0.01,1.53,0.83,0.589396597576687,0.018511068293144924,0.3579559515108483,0.007114457017149897,0.7159359843991813,0.23780622739343413,0.0004167137334347572,0.002637522837954134,0.9879644768767175,0.01,0.04689745693864724,0.83,1e-06,0.050001000000000004,0.8200010000000001
65.59088,0.46157,0.19123,0.30449,70.76314,0.48458,0.35496,0.44925,15.89186,0.5,0.2,0.6,0.05,0.05,0.05,1.17,1.22,1.86,0.9935892791943898,0.0011581789108974629,0.004605179329864495,0.023715940809013774,0.9129543430836491,0.060001193843962505,0.013792303289021843,0.0028914794382337823,0.9816557071576018,1.17,0.19380254551106718,1.86,1.1600009999999998,0.190001,1.850001
54.28249,0.05736,0.12009,0.9495,62.62522,0.31032,0.33799,0.02584,9.40839,0.5,0.2,0.6,0.05,0.05,0.05,1.38,0.15,0.11,0.9959291046938893,0.00048773264247974703,0.0007488260615868445,0.031405888164449454,0.9599959305051707,0.0034884405022960517,0.09129869536249346,0.003234873085172088,0.8637369025898463,0.3236585164115152,0.15,0.11,0.330001,0.14000100000000001,0.100001
14.82194,0.84715,0.31383,0.71402,99.34837,0.95754,0.39907,0.55904,11.09998,0.5,0.2,0.6,0.05,0.05,0.05,1.26,0.99,1.8,0.9461492050497973,0.008547190134705042,0.041619749970963626,0.03867181310085545,0.8504589883126128,0.10774360801038013,0.01690555787106782,0.0037431030268391336,0.9769066234273618,0.8664067663803686,0.1369400117159744,1.8,0.880001,0.14000100000000001,1.790001
30.78516,0.36284,0.55433,0.30534,55.11532,0.14364,0.06917,0.96075,2.72636,0.5,0.2,0.6,0.05,0.05,0.05,1.53,0.7,0.09,0.9974394881215802,0.00044519993933866357,0.001056488086831515,0.1254641179046184,0.8576359260925058,0.003471860856329758,0.23164193616256995,0.12184412664011951,0.5370734584665099,1.53,0.057940632864697535,0.09,1.520001,0.060001,0.080001
8.61459,0.12353,0.19824,0.15222,30.98582,0.3149,0.83674,0.43683,68.36373,0.5,0.2,0.6,0.05,0.05,0.05,1.8,0.9,1.92,0.9408287817208136,0.00766605813556397,0.045524821973285265,0.00823871717917115,0.9529597447010607,0.0358378149358347,0.0057750277208557495,0.0017131669356010455,0.992133873659205,0.9131044258263378,0.5188526820492503,1.92,0.9100010000000001,0.520001,1.910001
11.86979,0.05644,0.79454,0.55518,73.86251,0.23357,0.18373,0.68405,79.48287,0.5,0.2,0.6,0.05,0.05,0.05,1.53,1.42,0.34,0.9749358051114732,0.0006546553493836152,0.020597259746709083,0.04998877560181423,0.9391943682426718,0.006637682004258844,0.007229790523546628,0.0038012481113587097,0.9871425549609428,1.0772544768848957,0.15212865231708703,0.34,1.070001,0.150001,0.330001
14.33287,0.87205,0.04117,0.25165,6.5741,0.43996,0.12854,0.15489,28.51241,0.5,0.2,0.6,0.05,0.05,0.05,0.29,1.2,1.93,0.9697948059396724,2.5785260984394867e-07,0.01853902414515943,0.07507229395024986,8.570428002286674e-06,0.8734846076784153,0.000676327123381419,3.5614376203899923e-09,0.9984164954804141,0.29,4.1624063207072915e-07,1.93,0.280001,1e-06,1.9200009999999998
18.87008,0.16529,0.92295,0.4651,70.02603,0.56506,0.22728,0.23042,20.05275,0.5,0.2,0.6,0.05,0.05,0.05,0.54,0.13,1.93,0.8461480539075852,0.0017843037602335249,0.14791572341988843,0.02393058774636024,0.8673934208005968,0.10391186511096598,0.003154679307955414,0.0007699521946993203,0.9947901699056443,0.54,0.13,1.93,0.530001,0.120001,1.9200009999999998
48.92626,0.09959,0.25696,0.14486,8.5789,0.6443,0.70538,0.47329,4.83586,0.5,0.2,0.6,0.05,0.05,0.05,1.69,0.79,1.39,0.9969308361788743,0.0006606677236448405,0.001805650199322594,0.045415320565163037,0.8756485966252789,0.06966058551954799,0.27588843003689567,0.0602673397666286,0.6522726239886297,1.69,0.5502124699730379,0.5828162828682691,1.6800009999999999,0.5500010000000001,0.590001
36.7075,0.83028,0.51254,0.31755,99.59013,0.31977,0.56692,0.8205,53.00082,0.5,0.2,0.6,0.05,0.05,0.05,0.28,1.97,1.23,0.9321292239374326,0.006162553580372357,0.05717368193512193,0.010240218022275517,0.9387029882556681,0.045298297859607504,0.0024247002253635465,0.0010257220100421416,0.9957858329979595,0.28,0.08184091282994703,1.23,0.270001,0.080001,1.220001
78.65217,0.94087,0.66803,0.12409,62.53548,0.81023,0.84814,0.10876,10.46146,0.5,0.2,0.6,0.05,0.05,0.05,0.14,1.56,0.74,0.937342200635513,0.016320424162217507,0.04208110265879695,0.0012955093614813913,0.9502647478804203,0.04471114323505233,0.014968971234677747,0.0027938814012123275,0.9759338705993752,0.14,0.20377067600407528,0.74,0.130001,0.200001,0.730001
22.51182,0.36605,0.22892,0.88573,44.70318,0.7271,0.32708,0.03567,13.86486,0.5,0.2,0.6,0.05,0.05,0.05,1.36,0.74,1.55,0.952342759642511,0.014306943835904938,0.029231206280148997,0.019913464442839948,0.9285550809650289,0.049342362167199574,0.007731028345978898,0.0007789510556078077,0.9891885686784482,0.5135126570647092,0.4744333122459978,1.55,0.510001,0.470001,1.540001
41.70948,0.03788,0.35589,0.24794,87.23226,0.24686,0.87076,0.63891,21.39908,0.5,0.2,0.6,0.05,0.05,0.05,1.63,0.17,0.64,0.9864322986359215,0.0003074164020873375,0.010873363397861983,0.008102200415383107,0.978178393528581,0.010421319688579452,0.030197442655309607,0.007603191634370074,0.9586992908427517,0.4954085774754032,0.17,0.64,0.48000099999999996,0.160001,0.630001
62.87934,0.07202,0.35712,0.22032,75.28894,0.31476,0.7463,0.39863,53.87426,0.5,0.2,0.6,0.05,0.05,0.05,1.24,1.48,0.57,0.9941929125704064,0.000709501811677101,0.004092376242499162,0.004645906035586597,0.9892029096608994,0.00481054995825528,0.018608855428000413,0.006193182862366381,0.9736127033116985,0.7864591888598739,0.4900200976302813,0.57,0.780001,0.49000099999999996,0.5600010000000001
60.21881,0.12098,0.23736,0.30392,57.94425,0.06779,0.07761,0.65938,83.6012,0.5,0.2,0.6,0.05,0.05,0.05,1.79,0.66,1.69,0.9957101868115108,0.00012248652068116457,0.003705458794467294,0.07706153361725315,0.8996273499137764,0.016228473651942313,0.0009814526864832742,0.0005105771700382847,0.9981547311341922,1.79,0.1096034484749724,1.69,1.780001,0.110001,1.6800009999999999
6.24351,0.15484,0.27198,0.99278,87.99586,0.28024,0.88904,0.09291,50.21932,0.5,0.2,0.6,0.05,0.05,0.05,1.77,0.2,1.12,0.0006307645858828512,0.08026354325032983,0.7895145928833529,2.1542968598559014e-06,0.9797413635089569,0.01747299509743527,6.15369941346411e-07,0.00032996973825097554,0.9987815402328608,3.800417171877892e-05,0.2,1.12,1e-06,0.190001,1.110001
7.72076,0.00883,0.45062,0.74279,68.80306,0.05582,0.57749,0.64998,20.38817,0.5,0.2,0.6,0.05,0.05,0.05,0.21,0.05,0.01,0.967220986271431,0.0002633765300670109,0.0026881705997462394,0.04277456989778503,0.9433613227706793,0.00015307002053995656,0.29749007490673457,0.07972209738856717,0.5001346731636861,0.21,0.05,0.01,0.200001,0.040001,1e-06
11.75769,0.42992,0.66579,0.52402,13.35606,0.07095,0.59715,0.63812,19.33056,0.5,0.2,0.6,0.05,0.05,0.05,0.96,0.76,0.68,0.8208121009323465,0.01235828402313666,0.15023748549407615,0.08073548061310855,0.8473126916655641,0.035333630684640197,0.009391979555691937,0.004132613941958929,0.9827372792024157,0.21037214280443425,0.08662387274633793,0.68,0.220001,0.090001,0.6700010000000001
40.17458,0.63466,0.86332,0.80677,37.10167,0.27772,0.99414,0.62358,46.23842,0.5,0.2,0.6,0.05,0.05,0.05,0.67,1.99,1.82,0.8730147626683399,0.008608263131882161,0.11472616374108971,0.031232696947883512,0.896514604883256,0.06574872426148201,0.0034966158198788005,0.0013689787642148289,0.9945434980368817,0.29761176868583467,0.1857609636710823,1.82,0.30000099999999996,0.190001,1.810001
76.37197,0.67285,0.18365,0.19321,53.98182,0.85932,0.53948,0.8509,48.76729,0.5,0.2,0.6,0.05,0.05,0.05,1.95,1.42,1.56,0.9948360130634819,0.0008423892170880035,0.0036794469352511277,0.02861315322333817,0.7683528031088541,0.1957334927855381,0.00712865031668659,0.0010806561361039017,0.9911392879663229,1.0142635921309602,0.09748277852041401,1.56,1.030001,0.100001,1.550001
77.38289,0.87286,0.41927,0.65912,66.11273,0.08911,0.35129,0.39601,49.72756,0.5,0.2,0.6,0.05,0.05,0.05,0.72,1.69,0.88,0.9839842853649106,0.0027873732143250288,0.011649620636040095,0.03749001777565514,0.9443729967562215,0.011075220392166291,0.0032158973017604956,0.0009104368972513141,0.9947370897689493,0.4027243839340159,0.10113816089503945,0.88,0.400001,0.100001,0.870001
83.75538,0.2732,0.77582,0.75595,25.26406,0.7823,0.30728,0.2964,78.16264,0.5,0.2,0.6,0.05,0.05,0.05,1.86,0.62,0.82,0.9905907834738358,0.0009541868466847279,0.00783892870547644,0.0845867771054683,0.8348024435878577,0.07478197154291061,0.004571134584775475,0.0013020842156312967,0.9933518555433705,0.9598415466607292,0.2834459653862891,0.82,0.9500010000000001,0.280001,0.8100010000000001
29.92752,0.89669,0.86621,0.27352,98.4839,0.13626,0.96657,0.81788,90.62894,0.5,0.2,0.6,0.05,0.05,0.05,0.24,0.79,0.17,0.9612571667011744,0.008143437795355122,0.022843118877884795,0.009606356654548575,0.9779833321614492,0.003929174792158805,0.012743324691152618,0.0030488469339296845,0.9810241157041212,0.20705548079945954,0.058544018565578844,0.17,0.210001,0.060001,0.160001
5.84083,0.4646,0.26558,0.29512,40.6012,0.58798,0.62298,0.53268,27.43983,0.5,0.2,0.6,0.05,0.05,0.05,1.61,0.3,1.34,0.8198250453814415,0.022839199845920404,0.13795356789781016,0.017536400012563944,0.8449591910589634,0.1292990428431247,0.006078099009310837,0.0018201832791851348,0.9907544626410991,0.36208852903259986,0.12681466589182422,1.34,0.37000099999999997,0.130001,1.330001
7.52831,0.38388,0.47758,0.76088,94.55067,0.92839,0.79928,0.42718,78.00326,0.5,0.2,0.6,0.05,0.05,0.05,0.71,1.23,1.48,1.1038374583689958e-05,0.017921381701056397,0.9171862570122611,1.7816227579286069e-07,0.704908201899331,0.2847303820285423,7.818736417265766e-09,0.00013305062170077174,0.999434079332493,7.469283844337306e-07,0.035976543590640356,1.48,1e-06,0.040001,1.470001
18.32039,0.25337,0.00651,0.25432,36.18212,0.55895,0.02384,0.70802,47.79817,0.5,0.2,0.6,0.05,0.05,0.05,1.18,1.9,0.68,0.9974064576920181,8.241775336016422e-05,0.0002042421413421277,0.30458106794022016,0.2589074331802902,0.3857644972473173,0.0008632942005475405,0.00015318851894287254,0.9974491102865891,1.18,0.007049462045043769,0.68,1.1700009999999998,0.010001,0.6700010000000001
98.87056,0.49286,0.25568,0.71764,46.60415,0.55194,0.25248,0.32552,28.99277,0.5,0.2,0.6,0.05,0.05,0.05,1.75,1.91,1.39,0.9949828616544286,0.0007915414795541871,0.003704426799620646,0.07972406794711139,0.8262451133332523,0.08827756309426801,0.0059975116140315995,0.0012340231084306736,0.9915382673988583,0.9654708226539213,0.15407799370112865,1.39,0.960001,0.150001,1.380001
83.58534,0.80073,0.72547,0.325,7.18569,0.84024,0.60438,0.79795,62.80909,0.5,0.2,0.6,0.05,0.05,0.05,0.88,0.28,1.95,0.9468821785786316,1.512644077103534e-09,0.05130451224077678,0.05671497019226465,2.091065545934125e-07,0.9153516641148202,0.0015384075821964992,3.3870517197029025e-10,0.9980541489522449,0.3123654545182723,1.877709078095138e-08,1.95,0.31000099999999997,1e-06,1.9400009999999999
97.58021,0.69362,0.52157,0.30331,32.33489,0.10292,0.42924,0.04532,85.75934,0.5,0.2,0.6,0.05,0.05,0.05,1.38,0.61,0.57,0.9823845170795217,0.005740538357191965,0.010165310393120627,0.011128981434606047,0.9753294367005624,0.0073106626931287635,0.002575545035081706,0.00022354765496885256,0.9961819584430439,0.29443324466922594,0.24204593377143438,0.57,0.29000099999999995,0.240001,0.5600010000000001
60.52135,0.86166,0.14491,0.60886,79.81553,0.6298,0.78232,0.70873,29.21947,0.5,0.2,0.6,0.05,0.05,0.05,0.54,0.59,1.26,0.9885735881347784,0.002289565088413754,0.0071726650963482765,0.038975914424382786,0.8311567515125601,0.12216964916172035,0.008735067637512172,0.0012872986713066456,0.9886349828170489,0.4158044173948604,0.06764031138616924,1.26,0.42000099999999996,0.07000100000000001,1.250001
95.25796,0.42401,0.67271,0.60892,16.96871,0.19964,0.0539,0.38331,89.89229,0.5,0.2,0.6,0.05,0.05,0.05,1.94,1.14,0.15,0.999184039772859,3.487360961467351e-08,0.0005455839986091938,0.9364220721828554,0.00020461469530616975,0.02373823874548532,0.007667019771998169,4.2752799514602837e-07,0.988666437628187,1.94,1.4241602601926413e-05,0.15,1.9300009999999999,1e-06,0.14000100000000001
91.38237,0.02031,0.92804,0.92288,49.63537,0.85077,0.51668,0.16772,46.24749,0.5,0.2,0.6,0.05,0.05,0.05,1.77,1.32,1.2,0.9882809220203436,0.00026391465847928333,0.010962954194311536,0.014997348494224669,0.9691613972689332,0.015101647400276532,0.010075670783163997,0.003929820975663281,0.9851069763121316,1.0985961885928268,1.32,1.2,1.090001,1.310001,1.1900009999999999
27.1327,0.55784,0.16848,0.95898,74.5443,0.07135,0.22643,0.6921,36.99336,0.5,0.2,0.6,0.05,0.05,0.05,1.84,0.23,0.88,0.9849773901045636,0.002020986542617409,0.009722730493452141,0.11148241109935754,0.8648320281078372,0.013185524976581342,0.0038252826481541017,0.0011668604878750555,0.9934819657590919,0.553573751502589,0.055245417933943865,0.88,0.5700010000000001,0.060001,0.870001
81.14042,0.68037,0.39747,0.20164,75.33536,0.09737,0.92283,0.14609,82.79818,0.5,0.2,0.6,0.05,0.05,0.05,0.24,0.98,1.54,0.9572988643214384,0.010153073945842158,0.030090134310106934,0.0020933653143203946,0.9892573923080656,0.0064863889069893595,0.0017326748113385003,0.00034694285478713657,0.9975292226197029,0.24,0.30356593384330943,1.54,0.230001,0.30000099999999996,1.530001
98.16032,0.23873,0.49036,0.25329,94.75368,0.16822,0.45364,0.26817,75.92722,0.5,0.2,0.6,0.05,0.05,0.05,1.07,1.91,0.54,0.992954270281869,0.001176802299510377,0.0049367432027290405,0.005425272391272738,0.9890148622001778,0.003586025313153342,0.005949919734167173,0.0017140093441335527,0.991127399571479,0.5425771573204909,0.26440198790566377,0.54,0.5400010000000001,0.260001,0.530001
75.73918,0.61382,0.51087,0.28856,96.01861,0.2266,0.10567,0.52888,50.81365,0.5,0.2,0.6,0.05,0.05,0.05,0.8,1.05,0.6,0.9934185594712973,0.0007361242132265788,0.005025546944234492,0.031027332611753916,0.9439785467006865,0.018273825815662524,0.002757081181977982,0.001261692113799103,0.9943505124629659,0.8,0.07314547717242309,0.6,0.7900010000000001,0.07000100000000001,0.590001
24.53847,0.12643,0.2672,0.68492,39.16847,0.19286,0.34307,0.4622,81.20395,0.5,0.2,0.6,0.05,0.05,0.05,1.14,0.46,1.23,0.9777284899944245,0.0015052064833609327,0.01802419676539369,0.05357786340598345,0.9154977952185124,0.025540910861186445,0.002485552339106475,0.0010005649004146112,0.9960152810784166,0.7265345618061947,0.21708580599632799,1.23,0.730001,0.220001,1.220001
95.34994,0.58449,0.68922,0.50122,46.4347,0.96892,0.64715,0.45475,82.84132,0.5,0.2,0.6,0.05,0.05,0.05,0.68,0.04,1.39,0.9736114209305202,0.0005981744956520186,0.02451113868465094,0.05790989474937721,0.5377155535174698,0.3898995052292058,0.0022365984898706326,0.00015752204842769206,0.9971728886743799,0.39909355028022137,0.04,1.39,0.380001,0.030001,1.380001
6.49825,0.6884,0.29088,0.53009,8.04509,0.39953,0.36728,0.33191,86.36249,0.5,0.2,0.6,0.05,0.05,0.05,0.38,0.8,0.44,0.9274280396849274,0.005723873690532403,0.04806918380890514,0.3327654131758957,0.29422857547991504,0.2904069757345718,0.0036539140717710837,0.00019237417072896957,0.9948446882132331,0.38,0.022137651256284183,0.44,0.37000099999999997,0.020001,0.43000099999999997
10.91257,0.05108,0.32463,0.60569,1.17847,0.88646,0.38482,0.19089,62.60231,0.5,0.2,0.6,0.05,0.05,0.05,0.38,1.46,1.96,0.8138230557049813,8.646311781499551e-20,0.17261262980357747,0.08521352275611736,3.763168839376275e-18,0.8891974945982167,0.0008610636428504766,9.694777615809681e-21,0.9987319568696099,0.2748996019932775,1.0378942876477746e-18,1.96,0.280001,1e-06,1.9500009999999999
8.95083,0.4578,0.37795,0.70464,45.17369,0.77656,0.84493,0.97419,5.68065,0.5,0.2,0.6,0.05,0.05,0.05,0.15,0.59,1.42,5.826539942719817e-05,4.5261763859835327e-08,0.9147226304047904,2.334661713878263e-06,2.273267288196043e-06,0.9566197433387266,3.975861255919188e-07,6.962455370726176e-09,0.9938393246343991,2.907946419251773e-06,3.985659812223267e-08,1.42,1e-06,1e-06,1.4100009999999998
67.01237,0.13038,0.56011,0.72283,35.66904,0.11505,0.036,0.83036,67.88224,0.5,0.2,0.6,0.05,0.05,0.05,1.82,0.51,1.4,0.9932026431332566,4.417507884995334e-06,0.006385763983636594,0.7853917012630578,0.08859822631130261,0.09615976863409184,0.0006885672038559528,3.630728053069506e-05,0.9987496621427074,1.82,0.004159599867614859,1.4,1.810001,1e-06,1.390001
73.13581,0.75969,0.46823,0.0662,48.68363,0.79977,0.20975,0.28105,2.60814,0.5,0.2,0.6,0.05,0.05,0.05,1.05,0.99,1.82,0.9863858597657085,0.002025833441331396,0.010946066620506461,0.005950126684123066,0.8651705744630592,0.12459924800824647,0.043393131907273806,0.011496170090963403,0.9352592576459483,1.05,0.20760519649903225,1.82,1.040001,0.210001,1.810001
84.40653,0.76482,0.96603,0.14728,93.10977,0.91812,0.61951,0.88859,77.93009,0.5,0.2,0.6,0.05,0.05,0.05,0.98,0.57,1.26,0.9830289115058938,0.001911656940397305,0.014465229466485163,0.006894642936062433,0.9354567978285804,0.05526013245142273,0.006130298737499222,0.0018871013118355359,0.9914777326462635,0.98,0.21032196591730248,1.26,0.970001,0.210001,1.250001
35.74187,0.57208,0.29952,0.50066,17.16321,0.89141,0.11806,0.12118,11.7423,0.5,0.2,0.6,0.05,0.05,0.05,0.91,0.32,1.87,0.9796886870399675,0.001934416717585689,0.016870846090665255,0.11114177918194966,0.4700190015966855,0.4066419373058066,0.004854892858081497,0.0006147382957901228,0.9922709045496719,0.91,0.11225869435881576,1.87,0.900001,0.110001,1.860001
61.72288,0.4172,0.18504,0.58052,1.05741,0.81689,0.09977,0.91985,44.53772,0.5,0.2,0.6,0.05,0.05,0.05,0.61,1.36,0.04,0.9984777453146808,3.3266112076865878e-09,0.00019628539372792622,0.8107206488826394,7.278853867483711e-07,0.07480795520417978,0.03216059192762679,1.4615262272012637e-07,0.9414173505994294,0.61,2.7278072135897213e-08,0.04,0.600001,1e-06,0.030001
79.46,0.58613,0.59001,0.66146,27.01051,0.86676,0.26433,0.88432,98.5763,0.5,0.2,0.6,0.05,0.05,0.05,1.07,0.98,0.46,0.9952840378693079,0.0003439617902881136,0.003691860675258567,0.2739844486367015,0.524170870884446,0.17935299760881207,0.005328716644692588,0.0008352248176883146,0.9927414072400962,0.9208110162867071,0.04314045706834997,0.46,0.900001,0.040001,0.450001
78.80971,0.64764,0.19016,0.72899,96.47612,0.20811,0.47709,0.24087,70.51919,0.5,0.2,0.6,0.05,0.05,0.05,0.92,1.54,0.75,0.9893652526104143,0.0026959162825858415,0.005878081676255407,0.021828875430263562,0.9579116039008628,0.015344129825673994,0.002736236363519076,0.0004580699714316979,0.9958642343409126,0.3045943903283213,0.10099902903218341,0.75,0.30000099999999996,0.100001,0.740001
5.14812,0.71564,0.35188,0.50401,51.46342,0.0929,0.9198,0.71084,2.63037,0.5,0.2,0.6,0.05,0.05,0.05,0.72,0.63,0.63,0.4938449341010412,0.06829299023270963,0.357279223712613,0.00941659167759063,0.9565172569843532,0.01837136969935974,0.030348223045742,0.023331964152089525,0.9186031745153773,0.059520159558068345,0.05921165545776627,0.63,0.060001,0.060001,0.620001
90.98177,0.06353,0.46924,0.09198,30.76352,0.1203,0.02415,0.15664,53.09976,0.5,0.2,0.6,0.05,0.05,0.05,1.8,0.79,0.05,0.9994854967347983,6.615823739418138e-05,0.00014319064335874853,0.030263440958974493,0.9594975780710263,0.0010994817555038026,0.015663817858522177,0.009630883280465788,0.9566884851291024,1.8,0.17063017071178463,0.05,1.790001,0.170001,0.040001
56.09461,0.91073,0.30524,0.14512,90.81819,0.46424,0.52673,0.99686,92.08161,0.5,0.2,0.6,0.05,0.05,0.05,0.46,1.4,1.88,0.9737781229814225,0.0026788628705115237,0.021656104725749588,0.008273852825630031,0.8773549356353436,0.10817405174800634,0.0013966510351952936,0.00044787413534250317,0.9978672628515419,0.46,0.07794271018869525,1.88,0.450001,0.080001,1.870001
86.50989,0.83365,0.39515,0.28703,91.14787,0.6212,0.88827,0.90211,39.4841,0.5,0.2,0.6,0.05,0.05,0.05,1.2,0.7,0.35,0.9928166540539328,0.0016229530121802936,0.0040839407004097175,0.0174623230166239,0.9406761839419205,0.03403457414207338,0.02418517208274044,0.004166607412285926,0.9681453805532922,0.38864565001212803,0.06592839461328416,0.35,0.400001,0.07000100000000001,0.340001
75.41151,0.05543,0.946,0.54438,49.226,0.67495,0.0726,0.88452,7.78444,0.5,0.2,0.6,0.05,0.05,0.05,1.63,0.44,0.01,0.999330630225035,0.00018596730784112845,7.690863335003467e-05,0.04174062856278431,0.955589863241565,0.0003174978734005418,0.19361540644754885,0.5972155568267754,0.12736293621377387,1.63,0.4126753836003819,0.01,1.620001,0.43000099999999997,1e-06
61.16974,0.07883,0.87779,0.27617,49.55727,0.73089,0.09284,0.57027,99.87943,0.5,0.2,0.6,0.05,0.05,0.05,1.39,1.59,1.74,0.9816951381095118,9.299187304068452e-05,0.01763457845544087,0.05671136823373972,0.7480221577301451,0.18787980178860472,0.0007415355876099354,0.0003348041674842243,0.9986363493659705,1.39,0.10217041750611483,1.74,1.380001,0.100001,1.730001
64.6118,0.31641,0.57283,0.89915,72.24365,0.02832,0.05575,0.36033,42.42211,0.5,0.2,0.6,0.05,0.05,0.05,0.92,0.93,0.4,0.9949041918503009,0.00042393308233086053,0.003835017403723723,0.12398897999184287,0.8668187681894831,0.0016979165895176314,0.002999594356937716,0.001686924964503004,0.9923893294239895,0.92,0.08005084777331944,0.4,0.9100010000000001,0.080001,0.390001
11.38112,0.09818,0.93151,0.08483,100.17233,0.33516,0.72233,0.56835,30.06143,0.5,0.2,0.6,0.05,0.05,0.05,1.83,0.69,0.16,0.9877977922935816,0.0027621246991075886,0.007068698581313724,0.002601217083524212,0.9956624096169328,0.0008985623244833348,0.2027763136060354,0.05171715669719121,0.7378364392432086,1.83,0.5931828475943238,0.16,1.820001,0.580001,0.150001
4.19216,0.30853,0.1961,0.18511,41.35573,0.39522,0.51113,0.75215,73.55526,0.5,0.2,0.6,0.05,0.05,0.05,0.5,0.8,0.48,0.9240991737474031,0.012359088478339343,0.041498228610785635,0.02263019009160264,0.918760514959214,0.04638402884167828,0.007162609661412633,0.001915370005382763,0.9895206919702807,0.5,0.09086072034780754,0.48,0.49000099999999996,0.090001,0.470001
56.53363,0.79438,0.92339,0.58703,17.01029,0.11102,0.45088,0.80409,98.40922,0.5,0.2,0.6,0.05,0.05,0.05,1.96,0.66,1.22,0.9569221037852058,0.002448856353334737,0.03890240137491877,0.1444700816377696,0.7624206222285522,0.06800492627034489,0.0018355467650089984,0.000596175930816677,0.9971530019233884,0.4901607284004776,0.08926937730315514,1.22,0.49000099999999996,0.090001,1.2100009999999999
7.51766,0.37097,0.57586,0.00582,15.64763,0.91403,0.16705,0.37393,51.86153,0.5,0.2,0.6,0.05,0.05,0.05,1.36,1.47,1.19,0.9281075356519993,0.005146414996083776,0.0622071901090885,0.002237871776409541,0.6761003765088522,0.307525205724684,0.003661396187240456,0.0009209603850906662,0.9946118358614153,1.36,0.15282265004624815,1.19,1.350001,0.150001,1.1800009999999999
2.09324,0.22495,0.1093,0.52987,54.66843,0.03432,0.79061,0.32529,91.09466,0.5,0.2,0.6,0.05,0.05,0.05,1.66,1.37,1.58,9.122607066375059e-06,0.0695980472160529,0.7214979272659625,1.3310131892717064e-07,0.9749015079376067,0.013057958636646202,5.727049006554707e-09,0.00016728246582004496,0.9994854983928231,6.188370696699215e-07,0.07405451721596544,1.58,1e-06,0.07000100000000001,1.570001
50.90872,0.05071,0.72074,0.70545,92.06145,0.32217,0.49843,0.18662,21.55907,0.5,0.2,0.6,0.05,0.05,0.05,0.85,1.35,0.28,0.9898487479923631,0.0010904228313906798,0.0072616691092888845,0.006863839910834772,0.9906115425114983,0.0016243034799765161,0.0416439624133098,0.01724371046057866,0.933381232046026,0.5403526287395817,0.5975879148951729,0.28,0.5400010000000001,0.590001,0.270001
26.33798,0.61219,0.3458,0.36557,32.55539,0.2848,0.11952,0.40401,94.66414,0.5,0.2,0.6,0.05,0.05,0.05,1.08,0.64,0.36,0.9926444556492319,0.0012664449048937843,0.004344251821431817,0.15937678868073535,0.7790516249283136,0.04138788687645177,0.003765274511695093,0.0006986135214742727,0.9940776258186518,1.08,0.05927976963129208,0.36,1.070001,0.060001,0.350001
83.04302,0.05175,0.54838,0.09717,26.56602,0.90054,0.96948,0.49076,41.67567,0.5,0.2,0.6,0.05,0.05,0.05,0.7,0.3,1.79,0.9917205353058479,0.00026486205257783064,0.007161584758875873,0.007749528487595865,0.9080145053236954,0.07853937517179,0.02070390550615966,0.004491648836579366,0.9732790398796305,0.7,0.3,0.765489552465678,0.6900010000000001,0.29000099999999995,0.770001
96.6818,0.35989,0.42551,0.47087,12.32487,0.39256,0.40098,0.56338,81.4752,0.5,0.2,0.6,0.05,0.05,0.05,1.05,0.47,1.02,0.9931679878801862,0.0005207338979167142,0.00565931388013026,0.16946334300665564,0.6247772106448488,0.1829181575052679,0.0037817094930874223,0.0007484020398473909,0.9948713234788072,0.7878150008900026,0.11096662465267114,1.02,0.780001,0.110001,1.010001
37.19302,0.3526,0.51591,0.20968,14.35641,0.47312,0.05595,0.88071,98.76595,0.5,0.2,0.6,0.05,0.05,0.05,0.67,0.04,1.53,0.9674151346949896,1.4136471043803786e-08,0.030643756863597382,0.15364128462175802,1.6214517908119888e-05,0.7916602826750685,0.0002479275860471625,6.01540614059538e-09,0.9994213772357186,0.67,5.205646413537634e-07,1.53,0.6600010000000001,1e-06,1.520001
0.88866,0.46201,0.89624,0.24546,93.02661,0.3218,0.78864,0.65588,92.77289,0.5,0.2,0.6,0.05,0.05,0.05,0.91,1.53,0.12,2.5815731935043815e-06,0.09804195175511993,0.6157090888282226,3.5216149737944157e-08,0.9749449611736435,0.010918163981806329,3.570803585229343e-08,0.0021693184573702306,0.993369171996008,1.906012771855598e-07,0.03706659822600688,0.12,1e-06,0.040001,0.110001
38.55389,0.10315,0.34001,0.56626,38.61921,0.93884,0.44201,0.98954,58.52164,0.5,0.2,0.6,0.05,0.05,0.05,1.72,1.47,1.46,0.9914478336004674,0.00038266573710925473,0.007421945540138489,0.08131836497815997,0.8000641686821032,0.11444287170358482,0.008789366296684595,0.0028386216142625657,0.9877939599313958,1.72,0.2481279837149331,1.46,1.7100009999999999,0.250001,1.4500009999999999
23.93514,0.02654,0.88844,0.48049,6.46807,0.08879,0.35068,0.75244,25.1544,0.5,0.2,0.6,0.05,0.05,0.05,1.48,0.2,1.09,0.9355843428131,0.0001258465809001114,0.061133396826673916,0.3198618197386847,0.5223315880850841,0.10405083200811999,0.00782703073772363,0.0020372833945510446,0.9883333613153256,0.6191884051396703,0.07511316556927791,1.09,0.630001,0.080001,1.080001
71.84313,0.55169,0.35835,0.60806,7.43288,0.87368,0.63212,0.10504,26.52359,0.5,0.2,0.6,0.05,0.05,0.05,0.76,0.58,1.3,0.9802518674685626,0.002012309239003223,0.01601675269193277,0.10891152737943895,0.3559030507886063,0.512618688690339,0.007210087109637293,0.00032028962374637396,0.9910325389159628,0.39685221452844227,0.10608950673907332,1.3,0.400001,0.110001,1.290001
71.40911,0.68186,0.74299,0.79601,29.03313,0.55374,0.29922,0.44162,50.53966,0.5,0.2,0.6,0.05,0.05,0.05,0.3,1.42,1.42,0.9488491532673807,0.002206495344228473,0.04672976664500773,0.07471225882003456,0.6636383107138901,0.2460063567149007,0.0012478184724587537,0.00044851169578607927,0.997608630244128,0.3,0.07306016942087792,1.42,0.29000099999999995,0.07000100000000001,1.4100009999999998
24.48935,0.66144,0.84149,0.42671,42.40329,0.02398,0.8603,0.14081,4.30392,0.5,0.2,0.6,0.05,0.05,0.05,1.89,1.8,0.71,0.7805889881164805,0.04779196338846202,0.15836575059761446,0.0043943060927116575,0.9898657415982592,0.0014580546598931838,0.03185488430462843,0.011818949122453052,0.9409302727678884,0.12025161436866649,0.27259040209510826,0.71,1.880001,0.020001,1e-06
87.80151,0.90723,0.42622,0.43777,89.95407,0.5981,0.26386,0.94651,86.60027,0.5,0.2,0.6,0.05,0.05,0.05,1.01,0.17,0.25,0.9966779760631118,0.0006106303411129467,0.0018454379904686343,0.07205032715651366,0.8778471001408656,0.03754711030376831,0.007893371108088349,0.0016788901089833995,0.9881456543175621,0.6554318730227444,0.03886286559467909,0.25,0.6600010000000001,0.040001,0.240001
83.81164,0.52575,0.88882,0.33506,58.8876,0.97255,0.78974,0.99247,30.44141,0.5,0.2,0.6,0.05,0.05,0.05,1.22,0.13,0.47,0.9914230842805124,0.0010934872428597247,0.006683481702525078,0.029456340126887606,0.910248156277956,0.05435035648910535,0.038745660143074304,0.008561228108929677,0.949375348952248,0.7393735223979172,0.13,0.47,0.7000010000000001,0.120001,0.460001
60.57792,0.74304,0.39928,0.60072,70.48323,0.22733,0.62751,0.18432,59.45758,0.5,0.2,0.6,0.05,0.05,0.05,1.31,0.96,0.5,0.9765751057478829,0.006310671499994931,0.013686442197699425,0.01563172769535784,0.9662572727891788,0.012578051262793707,0.00492701555053114,0.0007624437901772427,0.992641046128689,0.23515234442772945,0.12388516501269184,0.5,0.230001,0.120001,0.49000099999999996
81.741,0.72371,0.66842,0.98865,96.9546,0.90045,0.99378,0.67924,90.88513,0.5,0.2,0.6,0.05,0.05,0.05,1.53,1.47,1.38,0.9740188415475557,0.0034449731813595862,0.02137741670702635,0.023408865718882833,0.9170649155499151,0.05722367921145108,0.004051354611417158,0.0011061833556099123,0.9944460203608136,0.5141625073820876,0.20539703955920996,1.38,0.510001,0.200001,1.370001
19.00383,0.01396,0.8995,0.5049,49.59892,0.50219,0.52769,0.36461,53.13237,0.5,0.2,0.6,0.05,0.05,0.05,1.06,0.61,0.79,0.9584810887734343,0.0004596918096341999,0.03836010361984013,0.015132353039919454,0.9705373427237913,0.01272639348164231,0.011535465918423837,0.005203838236572569,0.9820908318320806,0.9343100382387729,0.61,0.79,0.9200010000000001,0.600001,0.780001
9.32565,0.57923,0.34304,0.39892,84.75953,0.9665,0.11967,0.43553,99.53184,0.5,0.2,0.6,0.05,0.05,0.05,0.86,1.6,1.52,0.9278760535605376,0.006013749890234282,0.060325475678966754,0.036233286313898196,0.8033298697489936,0.15515611994834183,0.0006794027608731226,0.0002580141663729618,0.9987325073602455,0.86,0.08973888502326959,1.52,0.850001,0.090001,1.510001
69.64034,0.60116,0.8275,0.43299,99.32418,0.14876,0.46108,0.16917,100.29913,0.5,0.2,0.6,0.05,0.05,0.05,1.2,0.95,1.23,0.9608838757491983,0.006693683160796465,0.0309042877835175,0.005339048791693121,0.9883392993716014,0.004964927453487866,0.001693978395873629,0.0005015566407462981,0.9974002269139444,0.4544276772784915,0.36671576350353285,1.23,0.450001,0.36000099999999996,1.220001
88.66554,0.76083,0.7483,0.2438,46.81753,0.03401,0.81041,0.94787,53.68517,0.5,0.2,0.6,0.05,0.05,0.05,1.54,1.97,1.46,0.9671213560736732,0.0028089601763737837,0.02875374458094408,0.014928652594827584,0.9703474100802327,0.0073364522891563085,0.004256891732332937,0.001685265905357974,0.9934241222111327,0.4144379246051028,0.14027864634020956,1.46,0.410001,0.14000100000000001,1.4500009999999999
10.71557,0.69919,0.92136,0.61304,83.67797,0.96749,0.85295,0.5184,71.62799,0.5,0.2,0.6,0.05,0.05,0.05,0.27,1.79,1.34,1.1753731131187254e-06,0.012963228306645126,0.9486182529701552,2.6003347959889085e-08,0.5999417395995327,0.3852020490261513,1.2678165375662772e-09,0.0001302432782965106,0.9993491608121624,7.17124932455478e-08,0.02412962532140321,1.34,1e-06,0.020001,1.330001
49.84568,0.91307,0.68059,0.36783,63.36335,0.53013,0.71934,0.21083,31.8619,0.5,0.2,0.6,0.05,0.05,0.05,0.98,1.58,0.69,0.9619973942596936,0.00962133950368212,0.025650234824945745,0.010177815724731193,0.9572616529291442,0.02864502654332102,0.011382662110665232,0.0018214914527410326,0.9845566615286624,0.35333819629015595,0.19291901926427418,0.69,0.350001,0.190001,0.6800010000000001
12.3404,0.92543,0.65645,0.19318,46.23465,0.36573,0.48807,0.17808,88.74243,0.5,0.2,0.6,0.05,0.05,0.05,1.46,0.12,0.47,0.8901075893229875,0.02598843108608322,0.072202918513879,0.010213673653772522,0.9517231008246066,0.02948629691914942,0.0035876293961700436,0.0005096403767340875,0.9947102877463426,0.30821852883404693,0.12,0.47,0.30000099999999996,0.110001,0.460001
57.31596,0.46215,0.76501,0.4297,4.15883,0.30522,0.43517,0.02554,6.84273,0.5,0.2,0.6,0.05,0.05,0.05,1.27,0.68,1.67,0.9363826577842957,0.012176978755086738,0.049502970655396675,0.05076467600752619,0.7924032229819288,0.1428221648346689,0.015711328622830492,0.0014871461718528765,0.9785200458308265,0.42162835565807233,0.68,1.67,0.42000099999999996,0.6700010000000001,1.660001
8.97437,0.44862,0.98046,0.3783,18.5735,0.95592,0.65472,0.03856,89.29116,0.5,0.2,0.6,0.05,0.05,0.05,0.68,0.4,1.4,7.911356567995746e-06,0.11200766268284632,0.8567754788887749,6.059258246637168e-08,0.8425564104596883,0.15177310865497554,7.3931538933119485e-09,0.00012331993289208077,0.9994769062939876,6.556068856698427e-07,0.4,1.4,1e-06,0.390001,1.390001
84.75979,0.19509,0.2542,0.49146,86.36318,0.44226,0.62166,0.11502,12.39176,0.5,0.2,0.6,0.05,0.05,0.05,0.7,0.4,0.12,0.9959432401457707,0.0012852217492222997,0.0010501713996215103,0.009986244557318736,0.9838774067288195,0.003159596374769112,0.11979195625844748,0.012426431718215043,0.8395520971042744,0.34130468407491293,0.19135501724292142,0.12,0.350001,0.190001,0.110001
35.85303,0.2107,0.57488,0.96322,26.59491,0.05517,0.24437,0.7955,60.55862,0.5,0.2,0.6,0.05,0.05,0.05,1.65,1.93,1.37,0.9681624693352902,0.0006608177758416372,0.02931560681870254,0.22797297002631278,0.731056921302003,0.0246581312162806,0.0021292895144454167,0.0008050480698866157,0.9964651312186984,0.7254729584572556,0.08425890096021778,1.37,0.710001,0.080001,1.360001
35.26612,0.13963,0.37652,0.69265,43.99628,0.78736,0.30818,0.76679,30.32022,0.5,0.2,0.6,0.05,0.05,0.05,1.1,0.89,1.29,0.9858362056738292,0.0005498239976440491,0.012343324830197577,0.08813547001770008,0.7885889981457684,0.11749171933660037,0.008556040811537366,0.002998766890992317,0.9871832319302207,1.1,0.15494870119372198,1.29,1.090001,0.150001,1.280001
53.54742,0.77793,0.03446,0.63516,22.80041,0.67376,0.16968,0.1158,0.64732,0.5,0.2,0.6,0.05,0.05,0.05,1.7,0.73,1.78,0.9987783900819857,1.223201326947657e-08,0.0006730029077202632,0.46360103494667154,1.4029130350986684e-05,0.5149173930089793,0.19350557078382483,1.1132641228559177e-07,0.7729527082883288,1.7,7.782913381226903e-07,1.78,1.6900009999999999,1e-06,1.770001
83.90814,0.78973,0.92366,0.79664,47.83372,0.0891,0.96705,0.92098,93.24314,0.5,0.2,0.6,0.05,0.05,0.05,0.25,1.47,0.44,0.9694179020551748,0.003460540145537954,0.024150376840298717,0.04106866131773975,0.9352784098892313,0.010395155154498792,0.0045488411222795455,0.0016430862173335736,0.9925983829096429,0.19442325969980623,0.07374050160945177,0.44,0.190001,0.07000100000000001,0.43000099999999997
25.73743,0.48684,0.94552,0.21025,95.91189,0.49995,0.69265,0.70586,43.53171,0.5,0.2,0.6,0.05,0.05,0.05,1.0,0.48,1.92,0.9264448875812621,0.006408205715843869,0.06534710600876634,0.005793163969682385,0.9663802511759151,0.026448900200494653,0.008189128603477862,0.003051674475658696,0.9881680521433078,1.0,0.36567455145132766,1.92,0.990001,0.36000099999999996,1.910001
89.9544,0.97169,0.30022,0.1885,46.8671,0.7931,0.0019,0.17638,87.99297,0.5,0.2,0.6,0.05,0.05,0.05,1.14,1.72,1.16,0.9957109254977853,0.00042213422151452375,0.003381455059076095,0.0654788978336993,0.6389546775625639,0.2803309790656244,2.120786884604358e-05,7.726890051465784e-05,0.9994119602378867,1.14,0.04474116144505632,1.16,1.130001,0.040001,1.150001
49.42573,0.68443,0.86581,0.83709,51.56373,0.20873,0.92379,0.40183,64.55078,0.5,0.2,0.6,0.05,0.05,0.05,0.19,0.38,0.28,0.9576964573716923,0.008123840119434018,0.028335555784142367,0.025306719912126983,0.9549168839424549,0.010658176972543294,0.008360166327552028,0.0022276223186840287,0.9866826806520324,0.1657767390975311,0.10155025756893014,0.28,0.160001,0.100001,0.270001
45.71196,0.54858,0.09819,0.6492,41.26261,0.9433,0.66005,0.33466,46.61258,0.5,0.2,0.6,0.05,0.05,0.05,0.04,0.44,1.33,0.9046534055775927,0.005997001297625228,0.06461171802662416,0.011581117314910579,0.4066028684852329,0.559517190041449,0.000425300033948317,0.0001191143765430454,0.9986501541185059,0.04,0.022094426374392077,1.33,0.030001,0.020001,1.320001
29.56127,0.26218,0.97918,0.49763,26.96051,0.01704,0.89199,0.55452,66.17219,0.5,0.2,0.6,0.05,0.05,0.05,1.91,1.77,1.86,0.0001774158947799216,0.0056532008647329525,0.9676054231198119,4.780568901032656e-06,0.9305217971893209,0.02695311348023623,8.182054283559232e-08,0.0001827447904543232,0.9994111736515779,1.0433450076450467e-05,0.04058571508332989,1.86,1e-06,0.040001,1.850001
76.7584,0.82835,0.00618,0.95388,30.73255,0.22196,0.56815,0.45334,38.50166,0.5,0.2,0.6,0.05,0.05,0.05,1.05,1.51,1.56,0.9982723906818101,3.101883981889926e-08,0.00027925911235889505,0.5193903924407922,4.818227396973323e-05,0.4199239226499274,0.004225590400031243,9.708160629826293e-09,0.9949461421121002,0.44898277111459844,1.2325014570990621e-06,1.56,0.450001,1e-06,1.550001
5.50148,0.62843,0.92924,0.58485,90.99407,0.9289,0.55604,0.53093,87.1891,0.5,0.2,0.6,0.05,0.05,0.05,0.66,0.84,0.74,1.407672867480909e-05,0.028955732753353943,0.9052099157300557,2.898233414767924e-07,0.8120025719514908,0.17524959906486576,1.6733362766930267e-08,0.0002877199038415611,0.9989381319664691,1.4147544202342834e-06,0.03500150630316703,0.74,1e-06,0.040001,0.730001
90.13532,0.07475,0.47616,0.98796,64.88974,0.96085,0.19769,0.02592,68.03416,0.5,0.2,0.6,0.05,0.05,0.05,1.8,0.51,1.11,0.9909861474801309,0.0005572447328580342,0.00772574709731593,0.021259731587651456,0.9467965047886142,0.030513288070218792,0.0019634764475568974,0.00017455736934806804,0.9972017243781899,0.7521558142585388,0.51,1.11,0.750001,0.500001,1.100001
80.74132,0.6098,0.79517,0.74197,17.5593,0.05556,0.19157,0.71758,57.65862,0.5,0.2,0.6,0.05,0.05,0.05,0.15,0.36,0.55,0.9599089448333646,0.0014651995860066813,0.03466295717522996,0.15368601616747782,0.7350728456874966,0.04219700960097927,0.0009032704723987426,0.000683810576731627,0.9968412210990857,0.15,0.030314795745060363,0.55,0.14000100000000001,0.030001,0.5400010000000001
37.57797,0.90079,0.74533,0.11372,83.21576,0.82275,0.34367,0.75351,74.3155,0.5,0.2,0.6,0.05,0.05,0.05,1.62,1.3,0.02,0.9972416849293179,0.0008725153237380711,0.0004330971350802007,0.035275384231670585,0.9421561431081688,0.0055882058178157185,0.16738724542949232,0.013395291174040638,0.7925556092330343,0.9133987637744498,0.033338248190742076,0.02,1.610001,0.030001,0.010001
69.52437,0.09488,0.90413,0.56687,93.59225,0.16828,0.67663,0.02671,6.4622,0.5,0.2,0.6,0.05,0.05,0.05,0.23,1.0,0.42,0.968234476468999,0.005745003803976038,0.02299300929069687,0.001389338283096345,0.9973247138644922,0.0007531448084283584,0.052817604209581884,0.009065118810922495,0.9211477546827481,0.23,1.0,0.42,0.220001,0.990001,0.410001
30.22044,0.80084,0.30848,0.65092,6.95304,0.55294,0.94354,0.46756,75.24279,0.5,0.2,0.6,0.05,0.05,0.05,0.46,1.23,0.8,0.9556321637410534,7.727286148154538e-07,0.0368924248149139,0.21852345019132885,7.122565038725396e-05,0.7020509878137292,0.00330200843776771,4.9928265066846805e-08,0.9958707272197856,0.21152910119673854,5.92820858612473e-06,0.8,0.210001,1e-06,0.7900010000000001
15.70986,0.90708,0.98066,0.8407,66.52013,0.10736,0.43517,0.12273,85.41195,0.5,0.2,0.6,0.05,0.05,0.05,0.22,0.43,0.71,0.6758012487688182,0.06946743148295341,0.237664320028005,0.0069902844450343655,0.9846816958055903,0.005029156543585325,0.0009023903810341261,0.00045308034061153834,0.9978218207193742,0.12602605393261873,0.22436105538811377,0.71,0.130001,0.220001,0.7000010000000001
48.60947,0.08415,0.96375,0.68766,96.15044,0.72147,0.34826,0.85801,99.49439,0.5,0.2,0.6,0.05,0.05,0.05,0.61,1.1,1.79,0.9432066273292973,0.0003280252078951877,0.05487487509942742,0.03097179444332044,0.8699835135233116,0.09535293785880194,0.001190382013919834,0.000589172206723492,0.9979402749408368,0.61,0.12254494620535973,1.79,0.600001,0.120001,1.780001
88.04285,0.63891,0.04165,0.75346,66.31546,0.77658,0.66627,0.72466,80.20672,0.5,0.2,0.6,0.05,0.05,0.05,1.22,0.99,1.63,0.9963374826943708,0.0005461353552139621,0.0017946433942183763,0.08526874040711273,0.5668819946557272,0.33463135377139447,0.002175699587406546,0.00017874388393424793,0.9972641555062071,0.42809119600396195,0.03233553951824024,1.63,0.42000099999999996,0.030001,1.620001
21.94348,0.41172,0.28046,0.35016,76.87382,0.24853,0.13959,0.95852,9.58907,0.5,0.2,0.6,0.05,0.05,0.05,0.68,0.48,0.81,0.9804573325755623,0.0013303765178319866,0.014926920904916203,0.05576567069958885,0.8853770688062834,0.047147136655867984,0.011925965513625528,0.005922292208025687,0.9758697075413114,0.68,0.04917608151148483,0.81,0.6700010000000001,0.050001000000000004,0.8000010000000001
18.97492,0.96301,0.67288,0.21569,19.32638,0.94084,0.10039,0.77484,96.05077,0.5,0.2,0.6,0.05,0.05,0.05,0.93,1.02,1.75,0.9349619717208103,1.0018546074708712e-07,0.062388811645640654,0.10573598501801128,2.0003372806422616e-05,0.8678879896456586,0.0005549632798895281,9.043691433345957e-09,0.9991478194337859,0.93,1.1158458810086032e-06,1.75,0.9200010000000001,1e-06,1.740001
92.93279,0.56677,0.66578,0.22603,58.52919,0.75581,0.92404,0.17978,73.60645,0.5,0.2,0.6,0.05,0.05,0.05,0.29,1.67,0.92,0.9698022702917725,0.006357323940595581,0.022041177659002664,0.003439964742999561,0.9574446720329555,0.03649138689575809,0.003935437597276094,0.0008229944405779997,0.9945072667158056,0.29,0.31170987120011273,0.92,0.280001,0.31000099999999997,0.9100010000000001
55.9321,0.3577,0.3449,0.53098,82.32088,0.76336,0.37189,0.71967,38.18873,0.5,0.2,0.6,0.05,0.05,0.05,1.56,1.97,1.5,0.9917345867545428,0.0009417052255748661,0.006678276802830866,0.038974367555850854,0.8971656222092376,0.06118813271470671,0.008808675144393116,0.0025309944843321295,0.9877981230106123,1.3735808651721724,0.20394631717847111,1.5,1.360001,0.200001,1.490001
55.96288,0.52227,0.79916,0.36071,49.94968,0.85929,0.38744,0.49958,96.84246,0.5,0.2,0.6,0.05,0.05,0.05,0.01,1.13,1.33,0.33283371736217054,0.005290197432027057,0.6321390776248692,0.0017619897731185484,0.4155539858842884,0.5582601135400294,3.0066073020717985e-05,6.602780144685321e-05,0.9995158967173569,0.01,0.017030408762820238,1.33,1e-06,0.010001,1.320001
23.55869,0.07876,0.04244,0.91332,8.41007,0.53195,0.06178,0.02814,69.69214,0.5,0.2,0.6,0.05,0.05,0.05,1.6,0.13,0.02,0.9985086421827626,0.0001443769832908467,2.2484647265104958e-05,0.6945613313266964,0.27661696285666787,0.005056714790533932,0.0639942774965691,0.0012606917023696284,0.902374989173224,1.6,0.06919992810328918,0.02,1.590001,0.07000100000000001,0.010001
8.59101,0.73532,0.52887,0.47766,100.4389,0.59095,0.90507,0.61008,16.95596,0.5,0.2,0.6,0.05,0.05,0.05,0.13,0.08,1.05,4.4369793829642166e-05,0.03649982265493899,0.883872599217762,4.0757353968848433e-07,0.8236832684419019,0.16316815236687474,1.6431667427160856e-07,0.0010645288703887608,0.9961377576728261,2.7923678365483653e-06,0.03118624390675593,1.05,1e-06,0.030001,1.040001
51.33875,0.03784,0.02363,0.49191,92.14124,0.37613,0.94211,0.21122,66.62539,0.5,0.2,0.6,0.05,0.05,0.05,1.88,0.45,1.26,0.9957016459439431,0.0007561054945934676,0.001322065643347838,0.0050911314123723225,0.9824943008941651,0.01122979925066021,0.004869526870077928,0.0011247798377917366,0.993414009088303,0.4367828312352913,0.45,1.26,0.43000099999999997,0.440001,1.250001
84.22417,0.55595,0.12867,0.79414,24.23683,0.97741,0.88945,0.51296,87.97543,0.5,0.2,0.6,0.05,0.05,0.05,1.34,1.3,1.48,0.9905893217778431,0.000624471672654776,0.006959032719293849,0.10235339286441879,0.2983328619668763,0.5792907917940642,0.0021926678368355667,0.00012076884510690627,0.9973035849264777,0.3218451688250862,0.030736956735035098,1.48,0.320001,0.030001,1.470001
64.64641,0.55459,0.58497,0.47973,68.3646,0.22731,0.73033,0.03727,72.24033,0.5,0.2,0.6,0.05,0.05,0.05,1.36,0.22,0.4,0.9652441703922138,0.010444765511734531,0.020030766320080353,0.005481435366178232,0.9852866116230288,0.005956445286490129,0.004380139547817906,0.0002819434982287873,0.993618623479865,0.17441606515758384,0.22,0.4,0.170001,0.210001,0.390001
64.31666,0.11066,0.687,0.65632,34.43779,0.15311,0.77482,0.46344,6.7691,0.5,0.2,0.6,0.05,0.05,0.05,1.24,0.68,1.93,0.9759338474656032,0.001247933099279225,0.02198901478382801,0.024647755901471217,0.961171222572105,0.012128788947013499,0.05014234130049178,0.02228953673922747,0.9240316630336813,0.9149659926463247,0.68,1.93,0.900001,0.6700010000000001,1.9200009999999998
16.3659,0.38158,0.75883,0.37061,34.53875,0.55453,0.63827,0.62644,59.21082,0.5,0.2,0.6,0.05,0.05,0.05,0.72,0.42,1.62,0.8952865802471006,0.007514005758932212,0.09340049800500075,0.02624607562709497,0.8804761502838906,0.08835981682728257,0.00475761493323034,0.0016808465834482202,0.9930439049960531,0.72,0.2591766411490332,1.62,0.710001,0.260001,1.610001
62.01783,0.33849,0.57419,0.53139,65.37705,0.65328,0.4642,0.36009,65.03677,0.5,0.2,0.6,0.05,0.05,0.05,0.35,1.12,0.98,0.9698478374582293,0.0027760822358673903,0.025142050333144424,0.014443847605892962,0.9319535973216,0.049719518506441046,0.002538014721220928,0.0010325224665215362,0.9956483910078564,0.35,0.18355469033954394,0.98,0.340001,0.180001,0.970001
30.55887,0.95454,0.3676,0.16014,69.42994,0.14234,0.95973,0.06165,63.84076,0.5,0.2,0.6,0.05,0.05,0.05,1.93,0.26,1.62,0.8223458153878553,0.04933496871934449,0.11837987968427108,0.0011811298478695122,0.9835311955996763,0.012563480717080014,0.001253844742837166,0.00015469322829781928,0.9981089202973229,0.13537303841843526,0.26,1.62,0.14000100000000001,0.250001,1.610001
97.93073,0.19828,0.1849,0.52708,19.34529,0.28783,0.78185,0.50845,25.00788,0.5,0.2,0.6,0.05,0.05,0.05,1.89,1.94,1.65,0.993173825161211,0.0007933172737068731,0.005183362716654144,0.058315393825830626,0.8443911001127217,0.08802603685317403,0.01113860378523453,0.0028577043374872825,0.9848103584905186,0.596918698249948,0.23549241994659328,1.65,0.590001,0.230001,1.640001
33.58179,0.73584,0.21195,0.32908,58.00045,0.99842,0.37685,0.72809,72.69018,0.5,0.2,0.6,0.05,0.05,0.05,1.13,0.99,1.36,0.9886557167146981,0.0017183864000706564,0.008203008493554166,0.052312245891886294,0.7313570200338293,0.2086477227562458,0.003923783008998347,0.000601336718180966,0.9949716508117934,1.0345228402925755,0.08206083339863289,1.36,1.020001,0.080001,1.350001
12.45543,0.23266,0.18157,0.18608,22.82041,0.54152,0.80011,0.20124,79.3849,0.5,0.2,0.6,0.05,0.05,0.05,1.91,1.49,1.78,0.9280124293380064,0.013661874163782948,0.050511315408798996,0.009167337613750826,0.8860545512301518,0.09961105659223574,0.002689717641531466,0.0005331688782533165,0.9964245344228111,0.47672715183641495,0.37571944037659394,1.78,0.470001,0.37000099999999997,1.770001
14.73373,0.40125,0.46551,0.31935,7.71953,0.75424,0.26035,0.93946,58.81048,0.5,0.2,0.6,0.05,0.05,0.05,0.69,1.55,0.08,0.9914667743154404,2.505866907796564e-05,0.0036319124330605472,0.6565231663471489,0.01472826168392263,0.17977677773400177,0.03640091863701293,0.00012190192201854986,0.9533456344925538,0.69,0.0006393693141064397,0.08,0.6800010000000001,1e-06,0.07000100000000001
16.75221,0.98193,0.75039,0.41904,91.74254,0.30141,0.00935,0.68549,42.4219,0.5,0.2,0.6,0.05,0.05,0.05,0.75,0.03,1.49,0.913311696496224,0.001778341885881992,0.08127536973819091,0.10141060625498563,0.7375415228928794,0.14491407196977113,0.00011081223715226394,0.0002698764901836847,0.9988292061949295,0.75,0.024913797253165913,1.49,0.740001,0.020001,1.480001
40.26506,0.96932,0.59649,0.75651,89.7813,0.63624,0.80817,0.36164,68.9437,0.5,0.2,0.6,0.05,0.05,0.05,1.07,0.16,0.68,0.9511782976765115,0.010537747376104571,0.03408258907964963,0.01727559480648072,0.9435203091727961,0.035142700768420625,0.004813060177845843,0.0009911560914223295,0.9931365897906139,0.28113413377986834,0.12937793821549426,0.68,0.280001,0.130001,0.6700010000000001
90.26126,0.51967,0.77075,0.91419,99.15083,0.76013,0.50361,0.30267,72.4507,0.5,0.2,0.6,0.05,0.05,0.05,1.59,0.65,1.86,0.9786003244711409,0.0027949646230778988,0.017977696427241497,0.01765073912159074,0.9496585642515228,0.031574090425762556,0.0032163036096624544,0.0009589076317862495,0.995455440293366,0.8645621314159182,0.42888483445866826,1.86,0.860001,0.43000099999999997,1.850001
53.04178,0.77137,0.73007,0.62566,38.16206,0.02758,0.7619,0.02862,45.80407,0.5,0.2,0.6,0.05,0.05,0.05,1.18,1.91,1.33,0.762950218394948,0.07546648243047122,0.15367025357346067,0.0023958452754043844,0.9939520615687609,0.00154547446033908,0.0011341527844758827,0.0002897720349296277,0.997757159576517,0.09088777299423138,0.618183507641578,1.33,0.090001,0.610001,1.320001
58.13389,0.8645,0.85807,0.95666,53.88587,0.89138,0.24658,0.36678,13.75122,0.5,0.2,0.6,0.05,0.05,0.05,1.65,0.79,1.79,0.977505930104624,0.0025098629248625506,0.019354166105594706,0.08323240869727241,0.8094774147450157,0.10403020695697067,0.01312055636813327,0.003369729491170634,0.9815159530973442,1.3344154304292994,0.2304018819893162,1.79,1.330001,0.230001,1.780001
20.4937,0.60405,0.36883,0.43885,25.85744,0.83076,0.26618,0.12661,27.29913,0.5,0.2,0.6,0.05,0.05,0.05,1.67,1.09,0.32,0.9812784536464382,0.00495241817087261,0.00967179772153052,0.08116498436732501,0.8188618976164976,0.08414673359248584,0.01737013249209896,0.0014147126938061359,0.9756310081754507,0.5843072489672664,0.10004912926801063,0.32,0.580001,0.100001,0.31000099999999997
42.13287,0.41382,0.12879,0.54242,29.24696,0.15736,0.14077,0.42365,72.84965,0.5,0.2,0.6,0.05,0.05,0.05,0.27,0.38,0.77,0.9854676491638129,0.0016102208705382627,0.008590737181240603,0.08977581980564872,0.8052988202925843,0.07427539895663056,0.0006762818977487846,0.00033859263661915347,0.9980954658188892,0.27,0.04491683915077026,0.77,0.260001,0.040001,0.760001
49.09824,0.93925,0.73532,0.57747,29.73987,0.22216,0.81109,0.74012,44.39263,0.5,0.2,0.6,0.05,0.05,0.05,1.77,1.52,0.28,0.9732378167989418,0.004682480351449054,0.01776540034383917,0.06757561995838168,0.8752686751747216,0.03168633775118652,0.014661188706265711,0.003364681694518042,0.9780399183255145,0.22972787647540258,0.057776889247638345,0.28,0.230001,0.060001,0.270001
49.98884,0.93534,0.90835,0.42656,86.91222,0.07086,0.39859,0.37337,34.95149,0.5,0.2,0.6,0.05,0.05,0.05,0.64,0.1,0.08,0.9890947130688926,0.0030170319005159507,0.0046729686353655835,0.028868304113487522,0.9588872865227586,0.0012468583443732985,0.041052070575155496,0.006268933474970908,0.9359425395858908,0.30769166248267005,0.0501603755088937,0.08,0.31000099999999997,0.050001000000000004,0.07000100000000001
95.44512,0.65825,0.87167,0.50579,14.96201,0.15782,0.12617,0.24474,24.83047,0.5,0.2,0.6,0.05,0.05,0.05,1.16,1.45,1.88,0.983851948391672,0.0011415064335921375,0.014562233180905146,0.15226492531356475,0.757758906932997,0.07700014344991067,0.0031189333290772437,0.001017809307425948,0.9947977363884176,1.16,0.19514999570682384,1.88,1.150001,0.190001,1.870001
97.97578,0.69957,0.12696,0.31182,92.69798,0.17484,0.45908,0.741,40.6465,0.5,0.2,0.6,0.05,0.05,0.05,1.01,1.28,1.09,0.9954702947745928,0.0009142742197834024,0.0026558524464432697,0.024572498548026983,0.939618032192409,0.028367012655576757,0.005443566704932992,0.0011301838719600106,0.9923063832247302,0.5294188683679634,0.06809795600871295,1.09,0.530001,0.07000100000000001,1.080001
75.11828,0.97382,0.81267,0.14335,45.18948,0.33291,0.156,0.49888,22.99025,0.5,0.2,0.6,0.05,0.05,0.05,0.56,0.63,0.44,0.9888901123166677,0.0015286481808379165,0.008405843047353596,0.02436823986752709,0.9159890086691754,0.04446496490970296,0.008492781385325077,0.003238529779819384,0.9834078936280531,0.56,0.06677411633845888,0.44,0.5500010000000001,0.07000100000000001,0.43000099999999997
67.7234,0.36822,0.49138,0.73318,40.74741,0.97484,0.20937,0.67983,42.40446,0.5,0.2,0.6,0.05,0.05,0.05,0.31,0.2,1.3,0.9678926210497962,0.00035208866823565027,0.029450153311991155,0.0951107203596137,0.3536511862621099,0.5303149383990358,0.0011746435940529515,0.0002551809416177339,0.997665276748171,0.31,0.020739675786722613,1.3,0.30000099999999996,0.020001,1.290001
66.29482,0.48326,0.97955,0.77606,48.1923,0.99888,0.26374,0.97794,48.72536,0.5,0.2,0.6,0.05,0.05,0.05,0.35,1.46,0.67,0.9697860528247076,0.0006939319105352996,0.02743024618944702,0.102630757043496,0.6256040592953301,0.2528729115166239,0.0028124210861680417,0.0010236611588485026,0.9946405445810956,0.35,0.03435572243318272,0.67,0.340001,0.030001,0.6600010000000001
50.24873,0.36865,0.52436,0.51156,64.13462,0.43852,0.76041,0.72023,23.48294,0.5,0.2,0.6,0.05,0.05,0.05,0.72,0.92,0.97,0.9809561143952931,0.002359690031667897,0.01519087983041049,0.02297356453278306,0.9443664783098116,0.029224702313184314,0.021168757187844972,0.006574079929031373,0.9701276773371894,0.6536462530765351,0.21431818208741807,0.97,0.640001,0.210001,0.960001
44.88784,0.92161,0.0988,0.84721,13.50688,0.75198,0.41216,0.74731,51.56663,0.5,0.2,0.6,0.05,0.05,0.05,1.23,1.43,0.23,0.997754128742212,1.0657805918494957e-11,0.0007017652799596541,0.7322639476405282,6.073757155532793e-09,0.2076935341317784,0.024302183438385045,2.292482610755738e-11,0.9716017997434695,0.7197609255144553,1.6171239513556968e-10,0.23,0.730001,1e-06,0.220001
66.62381,0.89764,0.77289,0.81046,86.92475,0.28977,0.01818,0.82209,91.30735,0.5,0.2,0.6,0.05,0.05,0.05,0.94,1.68,0.2,0.9965434617193744,0.0002011870411937064,0.002459725307163563,0.3637947067571286,0.5846544616252358,0.027674536335554428,0.0009317923144828992,0.0006313579275312222,0.9957105889778356,0.94,0.014084278456857934,0.2,0.9300010000000001,0.010001,0.190001
12.22583,0.15966,0.9322,0.59127,78.84223,0.30252,0.30309,0.68711,98.60535,0.5,0.2,0.6,0.05,0.05,0.05,1.54,1.55,0.8,0.9161154658241348,0.002674631312851704,0.07610723981994687,0.03176306178344097,0.9468721699461479,0.01770661798576729,0.002807435863020312,0.0014228543383191727,0.9951389510777355,0.7342517275942286,0.16414996185691288,0.8,0.720001,0.160001,0.7900010000000001
22.66099,0.72855,0.727,0.18545,98.93799,0.98104,0.66035,0.37954,97.13478,0.5,0.2,0.6,0.05,0.05,0.05,0.07,1.48,1.96,0.5078008593596908,0.020043723217306183,0.45614928090634443,0.0012376663363320676,0.8106703816779024,0.18332491298283052,0.00024263172176283766,0.00017121248598729933,0.9993237065264247,0.07,0.08594100740378964,1.96,0.060001,0.080001,1.9500009999999999
94.81076,0.93313,0.52714,0.13624,28.62023,0.08292,0.11176,0.01613,62.91276,0.5,0.2,0.6,0.05,0.05,0.05,1.94,0.75,1.39,0.9881789001395641,0.0040861477599646225,0.007240847782012955,0.0110607493400748,0.9762184277414786,0.008872064813448008,0.0013452215765695694,8.157099601237065e-05,0.9980025859256043,1.05470120237622,0.44312167222329935,1.39,1.050001,0.440001,1.380001
21.1727,0.68688,0.61437,0.71862,71.7558,0.13845,0.12766,0.09951,74.30494,0.5,0.2,0.6,0.05,0.05,0.05,0.69,1.13,1.55,0.9229465768964871,0.013733923147282692,0.06016070647539745,0.02112636355669075,0.9676000501105849,0.009143258885805168,0.0007636872898501945,0.0002730491764818001,0.9985297709856122,0.69,0.3164918387992397,1.55,0.6800010000000001,0.31000099999999997,1.540001
83.51874,0.71693,0.70827,0.45143,80.40747,0.00063,0.66292,0.37623,79.56212,0.5,0.2,0.6,0.05,0.05,0.05,1.16,1.65,1.24,0.9475949071713674,0.0060158515507602725,0.04389050702527973,0.007506022909297828,0.9887749125974276,5.721277130406709e-05,0.001521467346103242,0.0006386111686904774,0.997334466132322,0.22703308687729112,0.16790763183153945,1.24,0.230001,0.170001,1.230001
29.37068,0.70273,0.0868,0.32062,26.01332,0.60996,0.83235,0.93563,72.8071,0.5,0.2,0.6,0.05,0.05,0.05,1.63,1.09,1.13,0.9844618491441862,0.0014717057083689607,0.009316963384578832,0.07934245687031823,0.4022151354838085,0.4833772036292154,0.0035542132558289046,0.00024962566114041765,0.9955911005386104,0.35286571344590023,0.022047267970172382,1.13,0.350001,0.020001,1.120001
65.11216,0.24062,0.2018,0.45104,56.41398,0.02443,0.30051,0.27458,27.90366,0.5,0.2,0.6,0.05,0.05,0.05,1.18,1.99,0.09,0.9967220170808934,0.0008011033967168338,0.0006599730918348022,0.035115183717472076,0.9552378628496381,0.000406346451403863,0.04666011875102141,0.009272582661978867,0.9256380544103818,0.4212597125052731,0.0916208636866522,0.09,0.43000099999999997,0.090001,0.080001
6.79814,0.82917,0.85002,0.59855,88.09352,0.94547,0.76265,0.96375,96.60057,0.5,0.2,0.6,0.05,0.05,0.05,0.42,0.74,0.51,0.00035311453364067247,0.028210741546436616,0.8709795099213098,7.645552642556816e-06,0.7370515169282549,0.23823716160061878,3.996758162711427e-07,0.00033082050476192405,0.9986552518699044,2.503672596946939e-05,0.016933926873375752,0.51,0.080001,0.040001,0.500001
14.35967,0.41096,0.04111,0.1796,94.46748,0.33844,0.29195,0.9553,16.26028,0.5,0.2,0.6,0.05,0.05,0.05,0.3,0.83,1.66,0.970207856713434,0.003162028175233546,0.015369319462669217,0.01383999329294547,0.8290061122646957,0.14431054506137736,0.0032245076217341326,0.0012015464397112105,0.9937331583483656,0.3,0.03416307329070736,1.66,0.29000099999999995,0.030001,1.650001
55.70475,0.89078,0.18865,0.95104,92.8141,0.58048,0.22353,0.6759,15.42152,0.5,0.2,0.6,0.05,0.05,0.05,1.15,0.92,1.8,0.9925831805980219,0.0010203829690112157,0.005575475317767147,0.11998102586030507,0.7527414073376717,0.12146508384514358,0.008633267800764705,0.0016781852610435561,0.9879090907505065,1.0852308050955801,0.0697646485750779,1.8,1.080001,0.07000100000000001,1.790001
47.09842,0.09458,0.09461,0.04073,84.21592,0.1619,0.24701,0.01587,39.7439,0.5,0.2,0.6,0.05,0.05,0.05,1.76,0.07,0.94,0.9960795896461933,0.0001783219203073223,0.0023953681943417837,0.005217772696005125,0.9617953271654212,0.024829337266126128,0.005157711079023892,2.954181139945458e-05,0.9934831129661139,0.7852003659985622,0.07,0.94,0.780001,0.060001,0.9300010000000001
36.20127,0.04394,0.45919,0.49277,87.68903,0.51831,0.59389,0.11351,88.5667,0.5,0.2,0.6,0.05,0.05,0.05,0.19,1.52,0.18,0.9784217611809747,0.0027083343869064263,0.011757463049893948,0.002448834596341395,0.9938032044936321,0.0024401902321607026,0.006985198323268159,0.0030447159804234125,0.9868748827377293,0.19,0.43330418378955554,0.18,0.180001,0.42000099999999996,0.170001
3.4279,0.61628,0.58478,0.1217,17.57414,0.4933,0.79954,0.64992,53.14543,0.5,0.2,0.6,0.05,0.05,0.05,1.26,0.26,1.13,5.834724760481137e-19,2.7381642696373247e-06,0.9296543178125666,2.423801609180703e-20,9.136287725026615e-05,0.9176020105768695,1.6094447470943119e-21,3.414954902335678e-08,0.99916807913972,3.088451386069853e-20,2.3884103109563076e-06,1.13,1e-06,1e-06,1.120001
82.43357,0.33304,0.79602,0.60073,42.29951,0.13271,0.85842,0.46218,27.06237,0.5,0.2,0.6,0.05,0.05,0.05,1.35,0.05,1.98,0.9016811815859673,0.0009966114365688283,0.09432973929619787,0.043267030294200357,0.833477105229461,0.103551685746385,0.0029153997123754776,0.0004294276443338282,0.9957260375783078,0.18276440310358133,0.05,1.98,0.170001,0.040001,1.970001
28.66274,0.77867,0.03648,0.21241,50.30287,0.49634,0.6933,0.39894,28.38696,0.5,0.2,0.6,0.05,0.05,0.05,0.43,0.22,0.95,0.9895835690539283,0.002610385605861581,0.0031955952006983857,0.03273051799300108,0.7526397221563591,0.1940525504226147,0.009511565740845312,0.0005314407456142882,0.9881249348669185,0.3744217735794909,0.0363558643451128,0.95,0.380001,0.040001,0.9400010000000001
78.05534,0.15076,0.92465,0.57901,42.65251,0.27058,0.74414,0.50101,70.60557,0.5,0.2,0.6,0.05,0.05,0.05,0.36,1.01,0.48,0.9815168514688367,0.00123383293182359,0.015502839510372337,0.020077544247478016,0.962596346746702,0.012510047431495372,0.0078043108435605895,0.00341980538370762,0.9873192599363493,0.36,0.23430268164920226,0.48,0.350001,0.230001,0.470001
32.76771,0.88748,0.31695,0.50849,80.85504,0.69021,0.16333,0.67471,94.30764,0.5,0.2,0.6,0.05,0.05,0.05,0.25,1.17,1.56,0.9347972130262093,0.0030754226563678615,0.056421764426394766,0.03427176410508411,0.6619665688581003,0.29028184870997165,0.00027733584176663694,0.0001391656658248224,0.999243896653473,0.25,0.030367249318941126,1.56,0.240001,0.030001,1.550001
35.16032,0.84115,0.54912,0.22831,37.61043,0.71658,0.21134,0.10315,68.78379,0.5,0.2,0.6,0.05,0.05,0.05,0.08,1.6,0.73,0.8345503824380273,0.031682567622904036,0.11893231609638001,0.0034037628059794445,0.8897947372104259,0.09748367880301935,0.00033617957548286783,0.000260379047167171,0.9984092508091812,0.08,0.12695093201160235,0.73,0.07000100000000001,0.130001,0.720001
51.20501,0.78209,0.41111,0.47988,8.58911,0.26317,0.4754,0.0092,91.11359,0.5,0.2,0.6,0.05,0.05,0.05,0.01,0.57,0.13,0.7209535444662974,0.1333995066514838,0.0752482179312535,0.004248485773445076,0.9211966445087224,0.03028874304611159,0.00039947447421284535,9.365270985067838e-05,0.9953054164190828,0.01,0.12114325478970349,0.13,1e-06,0.5600010000000001,0.120001
78.69401,0.91189,0.56177,0.42858,82.58633,0.14136,0.21758,0.17626,0.53328,0.5,0.2,0.6,0.05,0.05,0.05,0.14,1.23,1.51,0.9138607756298754,0.011628544482186911,0.07036323780893765,0.004608436929215362,0.9751568127762116,0.01639446299263955,0.033370751786861566,0.029685565632729238,0.8821678500674721,0.14,0.15373464733662426,1.51,0.130001,0.150001,1.500001
19.0356,0.26381,0.66157,0.46658,61.70872,0.26555,0.02979,0.06132,13.26255,0.5,0.2,0.6,0.05,0.05,0.05,1.9,0.15,1.02,0.9793032429055606,0.0010714688123592635,0.01827144926617309,0.08472189158088017,0.8846138224338284,0.025885848284029577,0.004148538508897945,0.000674162244568882,0.9915125773256325,1.9,0.15,1.02,1.890001,0.14000100000000001,1.010001
55.13582,0.22751,0.25334,0.28973,24.00881,0.78029,0.59669,0.13074,96.97126,0.5,0.2,0.6,0.05,0.05,0.05,0.06,0.95,1.22,0.8932683683754945,0.009774045575860292,0.08345655700836657,0.0035922885165184646,0.7893582096586769,0.1967172139575994,0.0003023472214157821,0.00017566751377938176,0.9990997291220062,0.06,0.15910197995623923,1.22,0.050001000000000004,0.150001,1.2100009999999999
67.52983,0.42766,0.52061,0.20382,1.19702,0.24884,0.62943,0.69335,59.69625,0.5,0.2,0.6,0.05,0.05,0.05,0.66,0.91,0.57,0.9868875400089713,7.726970891129475e-10,0.01122168110814784,0.29107835084483563,2.1135043710188715e-07,0.524151350156992,0.007087616513212392,9.65259151723941e-10,0.9914555107474303,0.38645682723994584,2.124281759331704e-08,0.57,0.390001,1e-06,0.5600010000000001
16.85177,0.34652,0.18289,0.09301,77.7334,0.38181,0.35795,0.98045,33.32329,0.5,0.2,0.6,0.05,0.05,0.05,0.98,1.89,1.03,0.9836085649349259,0.002193849122583532,0.011219613275176525,0.010361028873782204,0.9392529668671097,0.04470248719501027,0.010072097102149532,0.0029924345492081637,0.9854998418499366,0.98,0.10629791316392784,1.03,0.970001,0.110001,1.020001
87.40115,0.58082,0.52869,0.67463,29.83664,0.79048,0.46863,0.68675,58.31224,0.5,0.2,0.6,0.05,0.05,0.05,1.39,0.61,1.23,0.9896158661568978,0.000944690057236887,0.008765475764828784,0.10920583048213475,0.6937905334592703,0.1873682312822909,0.005448400419233651,0.0011469272678610479,0.9927126362634271,0.8400016551493491,0.12066416075018573,1.23,0.840001,0.120001,1.220001
4.46644,0.39502,0.44749,0.28258,64.46795,0.79421,0.11978,0.30668,1.54819,0.5,0.2,0.6,0.05,0.05,0.05,0.43,0.75,0.06,0.9460153440271122,0.016130924079615135,0.01322521697105293,0.021839402928675873,0.9606090786008781,0.008564805126179702,0.23430546426092422,0.11566102826425917,0.4225763240912062,0.43,0.08290273016562427,0.06,0.42000099999999996,0.080001,0.050001000000000004
19.10877,0.33169,0.30196,0.67074,24.85124,0.39387,0.30287,0.84506,2.35326,0.5,0.2,0.6,0.05,0.05,0.05,0.63,2.0,0.22,0.9886584892196629,0.001779650557938911,0.0054556325865075675,0.19358804262597484,0.7438085663595543,0.03969715258059068,0.23448426743193657,0.06784749023186178,0.6362231916722266,0.63,0.06533156893325191,0.22,0.620001,0.060001,0.210001
63.77238,0.56017,0.08855,0.89986,20.48644,0.15292,0.51598,0.99484,16.20863,0.5,0.2,0.6,0.05,0.05,0.05,1.86,0.22,0.78,0.9948584363106509,0.00047157224160977805,0.0027089472432280273,0.3701656224594854,0.45476533926173124,0.12335840489350872,0.01588563656443765,0.0016528167976606067,0.9785913727735202,0.3977517316773574,0.021463965274387264,0.78,0.400001,0.020001,0.770001
54.49793,0.64866,0.93853,0.76837,10.96865,0.60087,0.51402,0.03657,42.43479,0.5,0.2,0.6,0.05,0.05,0.05,0.04,0.09,1.53,0.5853309158427307,0.015675488806799226,0.3855680644210676,0.015466039305482508,0.49675746979083196,0.4626160224680971,0.0003163244733147057,5.063610068775003e-05,0.9988637977785064,0.04,0.09,1.53,0.030001,0.080001,1.520001
61.87453,0.69103,0.41005,0.78345,91.02631,0.70839,0.7953,0.78605,45.58475,0.5,0.2,0.6,0.05,0.05,0.05,1.0,0.49,1.79,0.9783139644737016,0.002879203637457095,0.017607400525995194,0.02926581895852656,0.8960360341873718,0.07186441692072275,0.006368731161553321,0.001658751188186853,0.991365039033686,0.6591140265026318,0.17368795768618306,1.79,0.650001,0.170001,1.780001
85.86165,0.63252,0.14594,0.91602,89.94509,0.15025,0.70123,0.19644,40.04491,0.5,0.2,0.6,0.05,0.05,0.05,0.58,2.0,0.98,0.9853243449974407,0.003934928183823191,0.007958460720831714,0.018091705968555173,0.96301841206768,0.014101450834011316,0.003664782968351722,0.000556544971385142,0.9945115850074971,0.20622998137978837,0.11179787721949154,0.98,0.210001,0.110001,0.970001
55.72498,0.41297,0.73065,0.28884,83.92779,0.66805,0.42928,0.47948,35.34688,0.5,0.2,0.6,0.05,0.05,0.05,1.3,1.49,1.06,0.9869020077910197,0.0018657715989883088,0.010551058059006366,0.0129627756182654,0.960864874590521,0.02444624435910521,0.014595720558016625,0.004158830729447905,0.9799377384357557,1.3,0.3316336718213084,1.06,1.290001,0.330001,1.050001
2.49172,0.44312,0.04562,0.06625,14.76208,0.35034,0.30995,0.00339,48.07984,0.5,0.2,0.6,0.05,0.05,0.05,0.68,0.4,0.76,0.8846551280375197,0.042925547841146494,0.029654296507851452,0.013643131061630611,0.8294600171809076,0.132091684249269,0.0035038721111857966,1.0456251897586231e-05,0.9951240056126582,0.41510366334543897,0.11325939483562598,0.76,0.42000099999999996,0.110001,0.750001
37.20023,0.08965,0.80485,0.57854,79.32249,0.1196,0.76766,0.9274,73.74061,0.5,0.2,0.6,0.05,0.05,0.05,0.27,1.66,0.49,0.9566207237608978,0.0010557855219018684,0.037561370002311086,0.015507290205888624,0.9737110759141894,0.005817896872112923,0.0056778278726455425,0.0031413161758106867,0.9898111745743124,0.27,0.12364971358640345,0.49,0.260001,0.120001,0.48000099999999996
60.69673,0.27318,0.36602,0.44206,95.55803,0.00905,0.64139,0.99233,1.96156,0.5,0.2,0.6,0.05,0.05,0.05,1.76,1.65,0.13,0.999257028411509,0.00027526882808622395,7.316185462730982e-10,0.06995479472050217,0.9255495436055,1.738812760167264e-10,0.8779715631397231,0.08314011142504969,3.260076822563352e-07,1.76,0.10772276517864805,8.498712192155741e-08,1.750001,0.110001,1e-06
0.65854,0.50254,0.13029,0.25172,95.63684,0.88997,0.83219,0.2666,18.11594,0.5,0.2,0.6,0.05,0.05,0.05,0.75,1.11,0.26,7.179482173801894e-09,0.35426432654738127,0.2607982076898472,3.943765191638875e-11,0.9688674574669639,0.025600665189679083,2.4630409920136005e-10,0.005102172254412785,0.9844475370889829,5.436752904024736e-10,0.09156608456484698,0.26,1e-06,0.090001,0.250001
38.70802,0.30898,0.2179,0.59457,8.59831,0.45073,0.08826,0.12276,80.70609,0.5,0.2,0.6,0.05,0.05,0.05,0.66,0.58,0.96,0.9891473528093427,0.0008174874779039052,0.008099245514200682,0.26828741238397025,0.4016993297850015,0.2958292189987921,0.0007507182858339832,0.00010810870246632535,0.9984967973328909,0.66,0.06833280518832746,0.96,0.650001,0.07000100000000001,0.9500010000000001
68.74998,0.50845,0.22252,0.66386,69.13119,0.81132,0.36649,0.11638,100.32998,0.5,0.2,0.6,0.05,0.05,0.05,0.86,0.64,1.28,0.9893036461972846,0.002791306723038997,0.006724574756222669,0.023031691800005995,0.915009594330535,0.05911262724311649,0.00173531309815564,0.00021023080101665058,0.9976660245563956,0.6094960403655341,0.23252679115565048,1.28,0.610001,0.230001,1.270001
92.63883,0.44754,0.87353,0.78394,22.47036,0.23432,0.54841,0.69629,17.3237,0.5,0.2,0.6,0.05,0.05,0.05,0.16,1.81,0.36,0.9743013380331726,0.0017410793234299783,0.02067095685013794,0.07890302742125123,0.8365797261234421,0.05306433415444049,0.013677153362616944,0.006423429652382925,0.9721057764134973,0.16,0.05918381472796518,0.36,0.150001,0.060001,0.350001
89.32597,0.32522,0.66743,0.95001,31.24214,0.16636,0.53889,0.80243,62.94122,0.5,0.2,0.6,0.05,0.05,0.05,0.73,1.15,0.78,0.9845239040767645,0.0009127777431292719,0.013287167147333457,0.10191038686480047,0.8534347447865017,0.0322342326070073,0.004704545454280832,0.00178387316944509,0.9925007677300617,0.4318334172782602,0.10996473215976393,0.78,0.43000099999999997,0.110001,0.770001
63.09696,0.36033,0.78088,0.38873,4.66442,0.64474,0.3472,0.5345,41.76746,0.5,0.2,0.6,0.05,0.05,0.05,1.52,0.49,1.89,0.9604129491684558,4.246511087450006e-11,0.0382898489564025,0.1523867707118266,1.4157257311757861e-08,0.814204698759228,0.0025721622741524666,3.065833930585013e-11,0.9967964783258527,0.5866952787546924,2.0772368077314144e-09,1.89,0.590001,1e-06,1.880001
16.79305,0.16323,0.45019,0.50809,97.47722,0.98791,0.14358,0.66294,72.48543,0.5,0.2,0.6,0.05,0.05,0.05,0.94,1.66,1.62,0.9520504695929619,0.0009480475274084233,0.04398589116608396,0.04147636262202528,0.8151975935422584,0.1389839203907134,0.0011469298240293119,0.0005425213823880369,0.9978856504405148,0.94,0.09629940691205673,1.62,0.9300010000000001,0.100001,1.610001
63.15781,0.80654,0.51303,0.9609,55.79079,0.94122,0.67245,0.41358,2.19063,0.5,0.2,0.6,0.05,0.05,0.05,1.16,1.62,1.15,0.9992456807452724,7.236187661579275e-05,1.0194271760545366e-22,0.727746281406981,0.2396089332890572,8.952847284197635e-21,0.9366919813327108,0.0032668938731939953,3.832428519051064e-20,1.16,0.006577045622288853,5.1743519268706435e-21,1.150001,0.010001,1e-06
47.8765,0.4837,0.90192,0.29034,62.30356,0.18234,0.86631,0.66297,45.99336,0.5,0.2,0.6,0.05,0.05,0.05,1.86,1.39,1.5,0.9505821503602984,0.0046448331763513555,0.04317726285422659,0.009383008958037183,0.9738114871798361,0.014208133786684443,0.00772366385846666,0.00285871384910276,0.988701068809631,0.6221158653072866,0.3008833058122087,1.5,0.620001,0.30000099999999996,1.490001
42.13901,0.94841,0.03549,0.84543,85.82365,0.54912,0.96941,0.33104,86.20053,0.5,0.2,0.6,0.05,0.05,0.05,1.91,1.02,1.61,0.9854392136251641,0.003599340555479121,0.005845915503403937,0.044826613834701066,0.7384933064077136,0.20508153694268488,0.0015933425587679945,8.830055590773069e-05,0.9979588172183234,0.22857295587477192,0.037093764609773254,1.61,0.230001,0.040001,1.600001
58.74489,0.79173,0.2859,0.10035,18.93555,0.27937,0.16667,0.59716,81.53129,0.5,0.2,0.6,0.05,0.05,0.05,0.43,0.43,0.27,0.9940646955797494,0.0009298984151643622,0.0030377639158650142,0.058810113286732205,0.7702406131580716,0.10280392960004826,0.0032351508637447515,0.0008045289249944245,0.9937032833540366,0.43,0.029845280732305548,0.27,0.42000099999999996,0.030001,0.260001
19.45493,0.12548,0.60369,0.96901,63.81967,0.10694,0.78307,0.64539,57.48577,0.5,0.2,0.6,0.05,0.05,0.05,1.49,0.85,1.54,0.7722468071398919,0.0036965081494290115,0.21262151761111664,0.019548464021095936,0.9554976949824818,0.019142177678088356,0.0015305784774845327,0.0009361985346632043,0.9969701417166899,0.17356112734134096,0.12880821928091563,1.54,0.180001,0.130001,1.530001
13.54827,0.39278,0.16979,0.19427,14.76833,0.27649,0.07448,0.73379,65.70408,0.5,0.2,0.6,0.05,0.05,0.05,1.31,1.84,1.67,0.9814305971540682,0.0001250047039735171,0.015679529778876985,0.2989720520766991,0.09985216370058173,0.5424371883209937,0.0008879771218540147,3.843573029982042e-05,0.9986185353680488,1.31,0.005754374097644956,1.67,1.300001,0.010001,1.660001
